{"cameraMode":{"drawMode":0,"name":"Shaded","section":"Shading Mode"},"sceneLighting":true,"audioPlay":false,"sceneViewState":{"showFog":true,"showMaterialUpdate":true,"showSkybox":true,"showFlares":true,"showImageEffects":true,"showParticleSystems":true},"in2DMode":false,"pivot":{"x":6.861095428466797,"y":22.5625,"z":-0.6593575477600098},"rotation":{"x":0.3744308650493622,"y":-0.25233832001686098,"z":0.10665670782327652,"w":0.8858638405799866},"size":34.771671295166019,"orthographic":true}