{"cameraMode":{"drawMode":0,"name":"Shaded","section":"Shading Mode"},"sceneLighting":true,"audioPlay":false,"sceneViewState":{"showFog":true,"showMaterialUpdate":false,"showSkybox":true,"showFlares":true,"showImageEffects":true,"showParticleSystems":true},"in2DMode":false,"pivot":{"x":0.5098970532417297,"y":3.54608154296875,"z":0.0},"rotation":{"x":0.22361430525779725,"y":-0.3528550863265991,"z":0.08724943548440933,"w":0.9043735265731812},"size":17.094209671020509,"orthographic":true}