{"cameraMode":{"drawMode":0,"name":"Shaded","section":"Shading Mode"},"sceneLighting":false,"audioPlay":false,"sceneViewState":{"showFog":true,"showMaterialUpdate":false,"showSkybox":false,"showFlares":true,"showImageEffects":true,"showParticleSystems":true},"in2DMode":false,"pivot":{"x":-0.4849977493286133,"y":9.535001754760743,"z":0.5050010681152344},"rotation":{"x":0.2669237554073334,"y":-0.41843974590301516,"z":0.13012604415416718,"w":0.858328104019165},"size":55.62941360473633,"orthographic":true}