{"cameraMode":{"drawMode":0,"name":"Shaded","section":"Shading Mode"},"sceneLighting":false,"audioPlay":false,"sceneViewState":{"showFog":true,"showMaterialUpdate":false,"showSkybox":false,"showFlares":true,"showImageEffects":true,"showParticleSystems":true},"in2DMode":false,"pivot":{"x":-4.2820234298706059,"y":3.3943614959716799,"z":-5.320821762084961},"rotation":{"x":0.20329497754573823,"y":-0.33431604504585268,"z":0.07409409433603287,"w":0.9172862768173218},"size":10.153660774230957,"orthographic":true}