{"cameraMode":{"drawMode":0,"name":"Shaded","section":"Shading Mode"},"sceneLighting":false,"audioPlay":false,"sceneViewState":{"showFog":true,"showMaterialUpdate":false,"showSkybox":true,"showFlares":true,"showImageEffects":true,"showParticleSystems":true},"in2DMode":false,"pivot":{"x":-20.690000534057618,"y":10.14398193359375,"z":0.1700000762939453},"rotation":{"x":0.11069291085004807,"y":-0.48810556530952456,"z":0.06257332861423493,"w":0.8634724020957947},"size":41.0983772277832,"orthographic":true}