{"cameraMode":{"drawMode":0,"name":"Shaded","section":"Shading Mode"},"sceneLighting":false,"audioPlay":false,"sceneViewState":{"showFog":true,"showMaterialUpdate":false,"showSkybox":false,"showFlares":true,"showImageEffects":true,"showParticleSystems":true},"in2DMode":false,"pivot":{"x":-624.9500122070313,"y":-334.45001220703127,"z":-12.369999885559082},"rotation":{"x":0.14408931136131288,"y":-0.5839092135429382,"z":0.10625378787517548,"w":0.7918323874473572},"size":13.404664039611817,"orthographic":true}