{"cameraMode":{"drawMode":0,"name":"Shaded","section":"Shading Mode"},"sceneLighting":false,"audioPlay":false,"sceneViewState":{"showFog":true,"showMaterialUpdate":false,"showSkybox":true,"showFlares":true,"showImageEffects":true,"showParticleSystems":true},"in2DMode":false,"pivot":{"x":19.374725341796876,"y":20.700000762939454,"z":-19.374725341796876},"rotation":{"x":-0.18612714111804963,"y":0.38665568828582766,"z":-0.07999163120985031,"w":-0.899697482585907},"size":78.55665588378906,"orthographic":true}